{
    "name":"IDOBAO Abacus ID42",
    "vendorId":"0x6964",
    "productId":"0x0042",
    "lighting": {
        "extends":"qmk_rgblight",
        "supportedLightingValues": [
            128,
            129,
            131
        ],
        "underglowEffects": [
            ["00. None", 0],
            ["01. Solid Color", 1],
            ["02. Alphas Mods", 1],
            ["03. Gradient Up & Down", 1],
            ["04. Gradient Left & Right", 1],
            ["05. Breathing", 1],
            ["06. Saturation Band", 1],
            ["07. Brightness Band", 1],
            ["08. Saturation Pinwheel", 1],
            ["09. Brightness Pinwheel", 1],
            ["10. Saturation Spiral", 1],
            ["11. Brightness Spiral", 1],
            ["12. Cycle Solid Color", 1],
            ["13. Cycle Left to Right", 1],
            ["14. Cycle Top to Bottom", 1],
            ["15. Left to Right Chevron", 1],
            ["16. Rainbow Beacon", 1],
            ["17. Dual Rainbow Beacon", 1],
            ["18. Spinning Pinwheel", 1],
            ["19. Spinning Spiral", 1],
            ["20. Cycle Pinwheel", 1],
            ["21. Rainbow Pinwheel", 1],
            ["22. Dual Rainbow Pinwheel", 1],
            ["23. Raindrops", 1],
            ["24. Jellybean Raindrops", 1],
            ["25. Hue Breathing", 1],
            ["26. Hue Pendulum", 1],
            ["27. Hue Wave", 1],
            ["28. Reactive Simple", 1],
            ["30. Reactive Solid", 1],
            ["31. Reactive Wide", 1],
            ["32. Reactive Multi-wide", 1],
            ["33. Reactive Cross", 1],
            ["34. Reactive Multi-cross", 1],
            ["35. Reactive Nexus", 1],
            ["36. Reactive Multi-nexus", 1],
            ["37. Splash", 1],
            ["38. Multi-splash", 1],
            ["39. Solid Splash", 1],
            ["40. Solid Multi-Splash", 1]
        ]
    },
    "customKeycodes": [
        {"name": "·", "title": "{undefined}", "shortName": "·"},
        {"name": "·", "title": "{undefined}", "shortName": "·"},
        {"name": "·", "title": "{undefined}", "shortName": "·"},
        {"name": "·", "title": "{undefined}", "shortName": "·"},
        {"name": "·", "title": "{undefined}", "shortName": "·"},
        {"name": "·", "title": "{undefined}", "shortName": "·"},
        {"name": "·", "title": "{undefined}", "shortName": "·"},
        {"name": "·", "title": "{undefined}", "shortName": "·"},
        {"name": "·", "title": "{undefined}", "shortName": "·"},
        {"name": "Version", "title": "Type Firmware Version", "shortName": "Ver?"}
      ],
    "matrix":{ "rows":4, "cols":12 },
    "layouts":{
        "keymap":[
            [{"c":"#777777"},"0,0",{"c":"#cccccc"},"0,1","0,2","0,3","0,4","0,5","0,6","0,7","0,8","0,9","0,10",{"c":"#aaaaaa"},"0,11"],
            [{"w":1.25},"1,0",{"c":"#cccccc"},"1,1","1,2","1,3","1,4","1,5","1,6","1,7","1,8","1,9",{"c":"#777777","w":1.75},"1,11"],
            [{"c":"#aaaaaa","w":1.75},"2,0",{"c":"#cccccc"},"2,1","2,2","2,3","2,4","2,5","2,6","2,7",{"c":"#aaaaaa","w":1.25},"2,8",{"c":"#777777"},"2,10",{"c":"#aaaaaa"},"2,11"],
            [{"w":1.25},"3,0","3,1",{"w":1.25},"3,2",{"w":2.25},"3,3",{"w":2.75},"3,6",{"x":0.5,"c":"#777777"},"3,9","3,10","3,11"]
        ]
    }
}
