{
    "name": "IDOBAO Montex V2",
    "vendorId": "0x6964",
    "productId": "0x0227",
    "lighting": {
        "extends": "qmk_rgblight",
        "supportedLightingValues":[
            128,
            129,
            131
        ],
        "underglowEffects": [
            ["00. None", 0],
            ["01. Solid Color", 1],
            ["02. Alphas Mods", 1],
            ["03. Gradient Up & Down", 1],
            ["04. Gradient Left & Right", 1],
            ["05. Breathing", 1],
            ["06. Cycle Solid Color", 1],
            ["07. Cycle Left to Right", 1],
            ["08. Cycle Top to Bottom", 1],
            ["09. Rainbow Beacon", 1],
            ["10. Spinning Pinwheel", 1],
            ["11. Spinning Spiral", 1],
            ["12. Cycle Pinwheel", 1],
            ["13. Raindrops", 1],
            ["14. Jellybean Raindrops", 1],
            ["15. Hue Breathing", 1],
            ["16. Hue Pendulum", 1],
            ["17. Hue Wave", 1],
            ["18. Pixel Rain", 1],
            ["19. Pixel Flow", 1],
            ["20. Reactive Simple", 1],
            ["21. Reactive Solid", 1],
            ["22. Reactive Wide", 1],
            ["23. Reactive Multi-wide", 1],
            ["24. Splash", 1],
            ["25. Solid Splash", 1]
        ]
    },
    "customKeycodes": [
        {"name": "", "title": "{undefined}", "shortName": ""},
        {"name": "", "title": "{undefined}", "shortName": ""},
        {"name": "Togg PK", "title": "Toggle Per-key LEDs", "shortName": "TPK"},
        {"name": "Togg UG", "title": "Toggle Under-glow LEDs", "shortName": "TUG"},
        {"name": "", "title": "{undefined}", "shortName": ""},
        {"name": "", "title": "{undefined}", "shortName": ""},
        {"name": "", "title": "{undefined}", "shortName": ""},
        {"name": "", "title": "{undefined}", "shortName": ""},
        {"name": "Togg NLL", "title": "Toggle Num-Lock LED function", "shortName": "TNNL"},
        {"name": "Version", "title": "Type Firmware Version", "shortName": "Ver?"}
    ],    
    "matrix": { "rows": 6, "cols": 5 },
    "layouts": {
        "keymap": [
            [{"c":"#777777"},"0,0",{"c":"#aaaaaa"},"0,1","0,2","0,3","0,4"],
            [{"y":0.5,"c":"#cccccc"},"1,0","1,1","1,2","1,3","1,4"],
            ["2,0","2,1","2,2","2,3",{"h":2},"2,4"],
            ["3,0","3,1","3,2","3,3"],
            ["4,0","4,1","4,2","4,3",{"c":"#777777","h":2},"5,3"],
            [{"c":"#cccccc"},"5,0",{"w":2},"5,1","5,2"]
        ]
    }
}
